Ticker,Name,Sector,MarketCap_B,Price,RevGrowth_%,EPSGrowth_%,GrossMargin_%,OpMargin_%,NetMargin_%,FCFMargin_%,Rule40,ROIC_%,FCFYield_%,EV_FCF,BuybackYield_%,PEDiscount_%,PEG,ForwardPE,TrailingPE,ForwardEPS,TrailingEPS,PS_Ratio,EV_EBITDA,Debt/Equity_%,ROE_%,PctOffHigh_%,Beta,Cash_B,Debt_B,DivYield_%,CurrentRatio,ShortPct_%,ShortRatio,EPSAccel,RS_Rank,InsiderPct_%,InstPct_%,Chg1m_%,Chg6m_%,Chg1y_%,Consensus,Analysts,RecMean,TargetMean,TargetHigh,TargetLow,Upside_%,EarningsDate
TER,"Teradyne, Inc.",Technology,62.3,398.72,103.9,385.8,59.2,33.2,25.8,9.8,137.1,36.8,0.7,146.7,0.0,37.5,0.79,34.2,54.8,11.65,7.28,,42.6,2.9,36.5,18.3,1.75,0.35,0.1,13.0,2.12,6.0,3.2,False,159.9,0.2,101.0,7.2,11.4,175.2,Buy,15,1.71,446.47,550.0,350.0,12.0,28.07.2026
APP,Applovin Corporation,Communication Services,93.7,280.12,52.8,57.0,88.5,77.7,64.6,46.6,130.5,125.7,3.39,29.7,3.39,37.4,0.6,13.5,21.5,20.78,13.01,,17.5,111.1,203.7,62.0,2.56,3.05,3.52,0.0,4.3,3.8,2.4,False,-68.6,4.7,76.1,-10.2,-28.4,-53.3,Buy,31,1.58,495.72,790.0,325.0,77.0,04.11.2026
EOG,"EOG Resources, Inc.",Energy,79.1,148.51,58.7,109.4,62.6,40.7,25.7,16.8,99.4,24.1,5.66,17.6,0.0,16.2,1.27,9.7,11.6,15.34,12.85,,5.4,25.9,22.5,3.7,0.37,4.91,8.25,275.0,1.85,3.3,5.3,False,22.0,0.3,98.2,2.2,8.4,37.3,Buy,28,2.34,164.0,193.0,138.0,10.4,05.11.2026
OXY,Occidental Petroleum Corporatio,Energy,60.3,60.28,53.4,964.9,73.3,45.4,30.3,15.8,98.8,19.6,6.29,20.5,0.0,13.8,1.17,14.8,17.1,4.09,3.52,,5.7,34.5,10.6,10.6,0.24,4.15,14.63,186.0,1.41,3.0,2.9,False,22.8,26.8,58.0,-0.2,1.8,38.1,Buy,25,2.23,68.36,82.0,55.0,13.4,09.11.2026
RDDT,"Reddit, Inc.",Communication Services,30.1,156.47,61.1,177.8,91.4,28.8,31.3,24.4,89.9,0.0,2.25,39.3,2.25,55.6,0.74,16.2,36.4,9.69,4.3,,33.2,0.6,30.7,40.6,2.05,2.79,0.02,0.0,10.49,13.7,3.2,True,-41.4,0.7,88.9,4.7,7.9,-26.1,Buy,33,1.94,213.71,300.0,130.0,36.6,30.07.2026
BX,Blackstone Inc.,Financial Services,134.7,112.68,28.6,57.3,100.0,54.4,22.7,0.0,83.0,31.5,0.0,,0.0,39.8,1.11,15.2,25.2,7.42,4.47,,,68.2,31.4,32.3,1.59,2.66,15.3,464.0,0.87,2.6,6.1,True,-42.3,1.0,73.7,-15.9,-2.4,-27.0,Buy,22,2.08,141.64,184.0,119.0,25.7,22.10.2026
ADI,"Analog Devices, Inc.",Technology,196.7,405.93,39.6,163.5,65.8,39.5,29.8,29.9,79.1,10.7,2.11,49.6,0.0,48.5,0.63,24.8,48.2,16.35,8.42,,29.7,27.3,12.2,9.0,1.23,2.32,9.16,107.0,1.25,2.0,2.3,False,57.5,0.2,93.8,11.8,17.9,72.8,Strong Buy,32,1.41,470.72,675.0,365.0,16.0,19.08.2026
MPWR,"Monolithic Power Systems, Inc.",Technology,67.3,1369.8,47.6,85.8,55.2,31.0,24.5,13.6,78.6,32.0,0.66,154.6,0.0,53.0,1.11,39.2,83.3,34.98,16.44,,68.7,0.5,22.0,20.1,1.68,1.41,0.02,58.0,4.97,5.2,3.1,True,25.5,3.6,100.5,12.6,4.6,40.8,Strong Buy,15,1.35,1839.8,2100.0,1575.0,34.3,29.10.2026
KEYS,Keysight Technologies Inc.,Technology,63.8,374.67,36.5,109.1,63.3,25.7,19.1,28.4,62.2,19.8,2.93,34.9,2.93,47.0,0.77,26.9,50.7,13.93,7.39,,38.3,42.1,20.9,3.9,1.18,2.6,2.77,0.0,2.02,1.6,1.7,False,103.7,0.6,93.0,12.4,17.7,119.0,Buy,12,1.58,418.0,487.0,350.0,11.6,18.08.2026
NXPI,NXP Semiconductors N.V.,Technology,58.3,231.07,19.5,72.6,56.1,30.4,22.6,27.0,49.9,16.5,6.1,19.0,0.0,35.4,0.49,12.7,19.7,18.13,11.71,,13.3,93.3,27.9,32.0,1.81,3.22,10.98,176.0,2.04,3.2,2.3,False,-9.1,0.1,99.4,3.7,14.0,6.2,Buy,29,1.8,310.52,400.0,190.0,34.4,27.10.2026
VEEV,Veeva Systems Inc.,Healthcare,46.1,284.84,17.6,39.5,75.0,29.6,29.3,36.4,47.2,485.4,2.73,30.7,2.73,40.5,1.09,27.8,46.7,10.25,6.1,,35.9,2.0,14.4,5.7,0.93,7.24,0.15,0.0,5.46,3.4,2.9,False,-19.9,8.6,93.3,7.6,71.0,-4.6,Buy,26,1.96,295.27,340.0,180.0,3.7,26.08.2026
ADSK,"Autodesk, Inc.",Technology,48.8,233.6,16.1,59.6,92.5,29.2,21.1,40.5,45.3,61.3,6.47,15.4,6.47,45.7,0.78,16.5,30.3,14.2,7.71,,21.3,109.5,53.9,27.0,1.33,4.16,3.7,0.0,0.85,4.4,3.7,False,-40.0,0.2,101.6,10.1,-2.9,-24.7,Buy,34,1.53,307.54,375.0,215.0,31.7,27.08.2026
